field,value
source_screen_raw,"Single-concentration screen, 18 per-sensor analyzed plate-reader workbooks (raw workbooks not included in this deposition)."
source_dose_raw,"Dose-response measurements, 38 plate-reader workbooks yielding 49 processed curves (raw workbooks not included in this deposition)."
screen_matrix,Full-precision response and SEM matrices rebuilt from per-sensor workbooks.
screen_thresholds,Permissive hit: dF/F0 > 0.3; strong hit: dF/F0 > 1.0.
dose_curve_exclusions,"MEHP_cc93, aspartame_iLevaSnFR, bilirubin_V4.8.1.2, theobromine_Tap1.0."
ciprofloxacin_H2_rule,"For ciprofloxacin dose responses, H2 was excluded and the 200 uM point was recomputed from the remaining 2 replicates."
fit_class_rule,within-range reliable means EC50 < 400 uM and dFmax < 20; otherwise lower-bound/out-of-range unless flagged as noise or step-like.
sensor_sequence_table,S7_Sensor_Sequences reports each sequence used in the screen plus lineage labels and key sequence-index residues.
generated_by,analysis/build_supplement_tables.py
